relative_path	exists	row_count	size_bytes	sha256
assertion_record_index.tsv	True	52	27562	d9b83552f6ae72a89ebae3a6606ab57fa6e768ad1d55fd269ee884ae78cb483a
assertion_record_index.jsonl	True	52	47006	0c321e8cac95fc9e15f0f127bab53dc2a4b38d059d56bff7c21f7e39818a112c
assertion_record_participants.tsv	True	204	63894	1eeca98e1613793765110c65b19f3d5fb6b3c0b0c1d16a06a10f4f96fb109e27
assertion_record_lineage.tsv	True	52	27794	cbacb112f9af04e2baed395a12442c83eee4ef8b600fa8e3fdb79337cb5ff546
assertion_record_payload_references.tsv	True	52	25678	8a5a5901925f1f8cff16d28f70afff986dfed42516a14a5d14ed1b1471fef364
assertion_record_source_identity_sets.tsv	True	204	98370	cf37fa9e2d9b092e2e651dea9cb6b03800798aa594408778ac8e47f32c399579
assertion_record_source_identity_summary.tsv	True	204	48962	796f41e8fc3f11f94bb52fbc6f319b0ddc1878ff42e55e496abc8a58928078fb
assertion_record_validation_report.tsv	True	52	12667	90301c2ebc5c13d91769def80fd1d5c443f2e7369b7c9a4935aff31bd23e27e5
downstream_topology_input_manifest.tsv	True	52	14895	34f638d97109532f16944f5577180ab42084a86ebc1ef3185bf2d6364f1649db
